{"ProjectWatches":"{\"Value\":[]}","ProjectBreakpoints":"{\"Value\":{}}","OpenedDocuments":"[\"Framework/InitAllSettings.xaml\",\"Framework/KillAllProcesses.xaml\",\"Framework/GetAppCredentials.xaml\",\"System1/System1_login.xaml\",\"Framework/InitAllApplications.xaml\",\"System1/System1_ExtractVendorInformation.xaml\",\"System1/System1_NavigateTo_MonthlyReport.xaml\",\"System1/System1_CreateYearlyReport.xaml\",\"System1/System1_NavigateTo_UploadYearlyReport.xaml\",\"System1/System1_UploadYearlyReport.xaml\",\"System1/System1_NavigateTo_WIDetails.xaml\",\"System1/System1_Update_Work_Item.xaml\",\"System1/System1_NavigateTo_Dashboard.xaml\",\"Process.xaml\",\"Framework/SetTransactionStatus.xaml\",\"Framework/GetTransactionData.xaml\",\"System1/System1_Close.xaml\",\"Framework/CloseAllApplications.xaml\",\"Main.xaml\"]"}